,Reward,Length,Completed
0,99.00789201781174,100.0,1.0
1,99.39570487255344,100.0,1.0
2,101.0,100.0,1.0
3,98.32688284180954,100.0,1.0
4,101.0,100.0,1.0
5,100.307475839141,100.0,1.0
6,88.96338104876921,100.0,1.0
7,93.95155192235305,100.0,1.0
8,101.0,100.0,1.0
9,101.0,100.0,1.0
